{
    "vertices":[-0.850548,-0.085133,1.06496,-0.850548,0.29252,1.06496,-0.850548,-0.0851331,-0.935036,-0.850548,0.29252,-0.935036,1.14945,-0.085133,1.06496,1.14945,0.29252,1.06496,1.14945,-0.0851331,-0.935036,1.14945,0.29252,-0.935036,-0.850548,0.29252,1.06496,-0.850548,0.29252,-0.935036,1.14945,0.29252,-0.935036,1.14945,0.29252,1.06496,-0.768886,0.29252,0.943893,-0.768886,0.29252,-0.824731,1.04067,0.29252,-0.824731,1.04067,0.29252,0.943893],
    "normals":[-1,0,0,0,-1.57829e-07,-1,1,0,0,0,0,1,0,-1,2.98023e-08,0,0,0,0,1,-0,0,1,-6.74023e-08,0,1,0,3.13031e-09,1,-6.32641e-08,-4.16998e-09,1,-6.32641e-08],
    "materials":[{
        "wireframe":false,
        "transparent":false,
        "colorEmissive":[0,0,0],
        "visible":true,
        "specularCoef":50,
        "colorDiffuse":[0.64,0.234368,0],
        "shading":"phong",
        "DbgIndex":0,
        "depthWrite":true,
        "opacity":1,
        "DbgColor":15658734,
        "DbgName":"Material.001",
        "doubleSided":false,
        "blending":"NormalBlending",
        "depthTest":true,
        "colorSpecular":[0.5,0.5,0.5]
    },{
        "wireframe":false,
        "transparent":false,
        "colorEmissive":[0,0,0],
        "visible":true,
        "specularCoef":50,
        "colorDiffuse":[0.1182,0.8,0.0202153],
        "shading":"phong",
        "DbgIndex":2,
        "depthWrite":true,
        "opacity":1,
        "DbgColor":60928,
        "DbgName":"Material.003",
        "doubleSided":false,
        "blending":"NormalBlending",
        "depthTest":true,
        "colorSpecular":[0.5,0.5,0.5]
    },{
        "wireframe":false,
        "transparent":false,
        "colorEmissive":[0,0,0],
        "visible":true,
        "specularCoef":50,
        "colorDiffuse":[0.00504678,0.424946,0.017724],
        "shading":"phong",
        "DbgIndex":1,
        "depthWrite":true,
        "opacity":1,
        "DbgColor":15597568,
        "DbgName":"Material.002",
        "doubleSided":false,
        "blending":"NormalBlending",
        "depthTest":true,
        "colorSpecular":[0.5,0.5,0.5]
    }],
    "faces":[35,0,1,3,2,0,0,0,0,0,35,2,3,7,6,0,1,1,1,1,35,6,7,5,4,0,2,2,2,2,35,1,0,4,5,0,3,3,3,3,35,4,0,2,6,0,4,4,4,4,35,3,1,8,9,0,5,5,5,5,35,8,11,15,12,1,6,6,6,6,35,1,5,11,8,0,5,5,5,5,35,7,3,9,10,0,5,5,5,5,35,5,7,10,11,0,5,5,5,5,35,14,13,12,15,2,7,7,7,7,35,10,9,13,14,1,8,8,8,8,35,11,10,14,15,1,9,9,9,9,35,9,8,12,13,1,10,10,10,10],
    "metadata":{
        "type":"Geometry",
        "vertices":16,
        "materials":3,
        "faces":14,
        "normals":11,
        "generator":"io_three",
        "version":3,
        "uvs":0
    },
    "uvs":[]
}