{
    "vertices":[0.712953,0.451571,-0.583142,0.712953,2.45157,-0.583142,1.30074,0.451571,-0.392159,1.30074,2.45157,-0.392159,1.66401,0.451571,0.107841,1.66401,2.45157,0.107841,1.66401,0.451571,0.725875,1.66401,2.45157,0.725875,1.30074,0.451571,1.22587,1.30074,2.45157,1.22587,0.712953,0.451571,1.41686,0.712953,2.45157,1.41686,0.125167,0.451571,1.22587,0.125167,2.45157,1.22587,-0.238104,0.451571,0.725875,-0.238104,2.45157,0.725875,-0.238104,0.451571,0.107841,-0.238104,2.45157,0.107841,0.125168,0.451571,-0.39216,0.125168,2.45157,-0.39216,0.712953,2.45157,-0.583142,1.30074,2.45157,-0.392159,1.66401,2.45157,0.107841,1.66401,2.45157,0.725875,1.30074,2.45157,1.22587,0.712953,2.45157,1.41686,0.125167,2.45157,1.22587,-0.238104,2.45157,0.725875,-0.238104,2.45157,0.107841,0.125168,2.45157,-0.39216,0.712953,2.45157,-0.583142,1.30074,2.45157,-0.392159,1.66401,2.45157,0.107841,1.66401,2.45157,0.725875,1.30074,2.45157,1.22587,0.712953,2.45157,1.41686,0.125167,2.45157,1.22587,-0.238104,2.45157,0.725875,-0.238104,2.45157,0.107841,0.125168,2.45157,-0.39216,0.712953,2.45157,-0.583142,1.30074,2.45157,-0.392159,1.66401,2.45157,0.107841,1.66401,2.45157,0.725875,1.30074,2.45157,1.22587,0.712953,2.45157,1.41686,0.125167,2.45157,1.22587,-0.238104,2.45157,0.725875,-0.238104,2.45157,0.107841,0.125168,2.45157,-0.39216,0.712953,2.45157,-0.583142,1.30074,2.45157,-0.392159,1.66401,2.45157,0.107841,1.66401,2.45157,0.725875,1.30074,2.45157,1.22587,0.712953,2.45157,1.41686,0.125167,2.45157,1.22587,-0.238104,2.45157,0.725875,-0.238104,2.45157,0.107841,0.125168,2.45157,-0.39216,0.712953,0.994557,-0.583142,1.30074,0.994557,-0.392159,1.66401,0.994557,0.107841,1.66401,0.994557,0.725875,1.30074,0.994557,1.22587,0.712953,0.994557,1.41686,0.125167,0.994557,1.22587,-0.238104,0.994557,0.725875,-0.238104,0.994557,0.107841,0.125168,0.994557,-0.39216],
    "normals":[0.309017,-2.06849e-08,-0.951057,0.809017,-2.48219e-08,-0.587785,1,0,0,0.809017,8.27397e-09,0.587785,0.309017,3.72329e-08,0.951057,-0.309017,7.44658e-08,0.951057,-0.809017,4.13699e-08,0.587785,-1,0,0,0,0,0,-0.809017,-2.48219e-08,-0.587785,-0.309017,-1.6548e-08,-0.951057,-0,-1,0,0,-1,-0,5.07027e-08,-1,1.56047e-07,-5.07028e-08,-1,1.56047e-07,0,-1,0,2.70307e-15,-1,8.62607e-08,0,1,0,0,1,0,0,1,-0,-0,1,0,-0,1,0,-0.309017,-9.99083e-08,-0.951057,-0.809017,0,-0.587785,-0.809017,0,0.587785,-0.309017,0,0.951056,0.309017,9.99082e-08,0.951056,0.809017,4.44037e-08,0.587785,0.809017,-2.22018e-08,-0.587785,0.309017,-1.11009e-07,-0.951056],
    "materials":[{
        "wireframe":false,
        "transparent":false,
        "colorEmissive":[0,0,0],
        "visible":true,
        "specularCoef":50,
        "colorDiffuse":[0.00494923,0.553979,0.0846531],
        "shading":"phong",
        "DbgIndex":0,
        "depthWrite":true,
        "opacity":1,
        "DbgColor":15658734,
        "DbgName":"Material.001",
        "doubleSided":false,
        "blending":"NormalBlending",
        "depthTest":true,
        "colorSpecular":[0.5,0.5,0.5]
    },{
        "wireframe":false,
        "transparent":false,
        "colorEmissive":[0,0,0],
        "visible":true,
        "specularCoef":50,
        "colorDiffuse":[0.64,0.32429,0.0315586],
        "shading":"phong",
        "DbgIndex":1,
        "depthWrite":true,
        "opacity":1,
        "DbgColor":15597568,
        "DbgName":"Material.002",
        "doubleSided":false,
        "blending":"NormalBlending",
        "depthTest":true,
        "colorSpecular":[0.5,0.5,0.5]
    }],
    "faces":[35,60,1,3,61,0,0,0,0,0,35,61,3,5,62,0,1,1,1,1,35,62,5,7,63,0,2,2,2,2,35,63,7,9,64,0,3,3,3,3,35,64,9,11,65,0,4,4,4,4,35,65,11,13,66,0,5,5,5,5,35,66,13,15,67,0,6,6,6,6,35,67,15,17,68,0,7,7,7,7,35,17,15,27,28,0,8,8,8,8,35,68,17,19,69,0,9,9,9,9,35,69,19,1,60,0,10,10,10,10,34,18,0,2,0,11,11,11,34,2,4,6,0,12,12,12,34,6,8,10,0,13,13,13,34,10,12,14,0,14,14,14,34,14,16,18,0,15,15,15,34,18,2,6,0,15,15,15,34,6,10,14,0,16,16,16,34,6,14,18,0,15,15,15,35,21,20,30,31,0,8,8,8,8,35,15,13,26,27,0,8,8,8,8,35,13,11,25,26,0,8,8,8,8,35,11,9,24,25,0,8,8,8,8,35,9,7,23,24,0,8,8,8,8,35,3,1,20,21,0,8,8,8,8,35,7,5,22,23,0,8,8,8,8,35,5,3,21,22,0,8,8,8,8,35,1,19,29,20,0,8,8,8,8,35,19,17,28,29,0,8,8,8,8,34,32,31,30,0,17,17,17,34,30,39,38,0,17,17,17,34,38,37,36,0,17,17,17,34,36,35,34,0,18,18,18,34,34,33,32,0,19,19,19,34,32,30,38,0,20,20,20,34,38,36,34,0,17,17,17,34,38,34,32,0,17,17,17,35,28,27,37,38,0,8,8,8,8,35,25,24,34,35,0,8,8,8,8,35,22,21,31,32,0,8,8,8,8,35,29,28,38,39,0,8,8,8,8,35,26,25,35,36,0,8,8,8,8,35,23,22,32,33,0,8,8,8,8,35,20,29,39,30,0,8,8,8,8,35,27,26,36,37,0,8,8,8,8,35,24,23,33,34,0,8,8,8,8,34,43,42,41,0,17,17,17,34,41,40,49,0,21,21,21,34,49,48,47,0,17,17,17,34,47,46,45,0,17,17,17,34,45,44,43,0,17,17,17,34,43,41,49,0,18,18,18,34,49,47,45,0,18,18,18,34,49,45,43,0,17,17,17,35,40,41,51,50,0,8,8,8,8,35,43,44,54,53,0,8,8,8,8,35,46,47,57,56,0,8,8,8,8,35,49,40,50,59,0,8,8,8,8,35,42,43,53,52,0,8,8,8,8,35,45,46,56,55,0,8,8,8,8,35,48,49,59,58,0,8,8,8,8,35,41,42,52,51,0,8,8,8,8,35,44,45,55,54,0,8,8,8,8,35,47,48,58,57,0,8,8,8,8,35,60,0,18,69,1,22,22,22,22,35,16,68,69,18,1,23,23,23,23,35,14,67,68,16,1,7,7,7,7,35,12,66,67,14,1,24,24,24,24,35,10,65,66,12,1,25,25,25,25,35,8,64,65,10,1,26,26,26,26,35,6,63,64,8,1,27,27,27,27,35,4,62,63,6,1,2,2,2,2,35,2,61,62,4,1,28,28,28,28,35,0,60,61,2,1,29,29,29,29],
    "metadata":{
        "type":"Geometry",
        "vertices":70,
        "materials":2,
        "faces":74,
        "normals":30,
        "generator":"io_three",
        "version":3,
        "uvs":0
    },
    "uvs":[]
}